hex,english,binary,hits,excerpt
1,Initiating,111111,six steps;time;change;line,"the first hexagram is made up of six unbroken lines. these unbroken lines stand for the primal power, which is light-giving, active, strong, and of the spirit. the hexagram is consistently strong in character, and since it is without weakness, its essence is power or energy. its image is heaven. its energy is represented as unrestricted by any fixed conditions in space and is therefore conceived of as motion. time is regarded as the basis of this motion. thus the hexagram includes also the power of time and the power of persisting in time, that is, duration. the power represented by the hexagram is to be interpreted in a dual sense in terms of its action on the universe and of its action on "
2,Responding,000000,time;line,"this hexagram is made up of broken lines only. the broken lines represents the dark, yielding, receptive primal power of yin. the attribute of the hexagram is devotion; its image is the earth. it is the perfect complement of the creative--the complement, not the opposite, for the receptive does not combat the creative but completes it . it represents nature in contrast to spirit, earth in contrast to heaven, space as against time, the female-maternal as against the male-paternal. however, as applied to human affairs, the principle of this complementary relationship is found not only in the relation between man and woman, but also in that between prince and minister and between father and son"
3,Beginning,010001,time;line,"the name of the hexagram, chun, really connotes a blade of grass pushing against an obstacle as it sprouts out of the earth--hence the meaning, ""difficulty at the beginning."" the hexagram indicates the way in which heaven and earth bring forth individual beings. it is their first meeting, which is beset with difficulties. the lower trigram chên is the arousing; its motion is upward and its image is thunder. the upper trigram k'an stands for the abysmal, the dangerous. its motion is downward and its image is rain. the situation points to teeming, chaotic profusion; thunder and rain fill the air. but the chaos clears up. while the abysmal sinks, the upward movement eventually passes beyond the"
4,Childhood,100010,time,"in this hexagram we are reminded of youth and folly in two different ways. the image of the upper trigram, kên, is the mountain, that of the lower, k'an, is water; the spring rising at the foot of the mountain is the image of inexperienced youth. keeping still is the attribute of the upper trigram; that of the lower is the abyss, danger. stopping in perplexity on the brink of a dangerous abyss is a symbol of the folly of youth. however, the two trigrams also show the way of overcoming the follies of youth. water is something that of necessity flows on. when the spring gushes forth, it does not know at first where it will go. but its steady flow fills up the deep place blocking its progress, "
5,Needing,010111,time,"all beings have need of nourishment from above. but the gift of food comes in its own time, and for this one must wait. this hexagram shows the clouds in the heavens, giving rain to refresh all that grows and to provide mankind with food and drink. the rain will come in its own time. we cannot make it come; we have to wait for it. the idea of waiting is further suggested by the attributes of the two trigrams--strength within, danger in from. strength in the face of danger does not plunge ahead but bides its time, whereas weakness in the face of danger grows agitated and has not the patience to wait. waiting is not mere empty hoping. it has the inner certainty of reaching the goal. such certa"
6,Contention,111010,time;crossing,"the upper trigram, whose image is heaven, has an upward movement; the lower trigram, water, in accordance with its nature tends downward. thus the two halves move away from each other, giving rise to the idea of conflict. the attribute of the creative is strength, that of the abysmal is danger, guile. where cunning has force before it, there is conflict. a third indication of conflict, in terms of character, is presented by the combination of deep cunning within and fixed determination outwardly. a person of this character will certainly be quarrelsome. conflict develops when one feels himself to be in the right and runs into opposition. if one is not convinced of being in the right, opposit"
7,Multitude,000010,time;line,"this hexagram is made up of the trigrams k'an, water, and k'un, earth, and thus it symbolizes the ground water stored up in the earth. in the same way military strength is stored up in the mass of the people--invisible in times of peace but always ready for use as a source of power. the attributes of the two trig rams are danger inside and obedience must prevail outside. of the individual lines, the one that controls the hexagram is the strong nine in the second place, to which the other lines, all yielding, are subordinate. this line indicates a commander, because it stands in the middle of one of the two trigrams. but since it is in the lower rather than the upper trigram, it represents no"
8,Union,010000,time;line,"the waters on the surface of the earth flow together wherever they can, as for example in the ocean, where all the rivers come together. symbolically this connotes holding together and the laws that regulate it. the same idea is suggested by the fact that all the lines of the hexagram except the fifth, the place of the ruler, are yielding. the yielding lines hold together because they are influenced by a man of strong will in the leading position, a man who is their center of union. moreover, this strong and guiding personality in turn holds together with the others, finding in them the complement of his own nature. what is required is that we unite with others, in order that all may complem"
9,Little Accumulation,110111,not yet;time;line,"this hexagram means the force of the small--the power of the shadowy--that restrains, tames, impedes. a weak line in the fourth place, that of the minister, holds the five strong lines in check. in the image it is the wind blowing across the sky. the wind restrains the clouds, the rising breath of the creative, and makes them grow dense, but as yet is not strong enough to turn them to rain. the hexagram presents a configuration of circumstances in which a strong element is temporarily held in leash by a weak element. it is only through gentleness that this can have a successful outcome. this image refers to the state of affairs in china at the time when king wên, who came originally from the"
10,Fulfillment,111011,change,"the name of the hexagram means on the one hand the right way of conducting oneself. heaven, the father, is above, and the lake, the youngest daughter, is below. this shows the difference between high and low, upon which composure correct social conduct, depends. on the other hand the word for the name of the hexagram, treading, means literally treading upon something. the small and cheerful [tui] treads upon the large and strong [ch'ien]. the direction of movement of the two primary trigrams is upward. the fact that the strong treads on the weak is not mentioned in the book of changes, because it is taken for granted. for the weak to take a stand against the strong is not dangerous here, bec"
11,Advance,000111,time;change;line,"the receptive, which moves downward, stands above; the creative, which moves upward, is below. hence their influences meet and are in harmony, so that all living things bloom and prosper. this hexagram belongs to the first month (february-march), at which time the forces of nature prepare the new spring. this hexagram denotes a time in nature when heaven seems to be on earth. heaven has placed itself beneath the earth, and so their powers unite in deep harmony. then peace and blessing descend upon all living things. in the world of man it is a time of social harmony; those in high places show favor to the lowly, and the lowly and inferior is an end to all feuds. in side, at the center, in th"
12,Hindrance,111000,time;line,"this hexagram is the opposite of the preceding one. heaven is above, drawing farther and farther away, while the earth below sinks farther into the depths. the creative powers are not in relation. it is a time of standstill and decline. this hexagram is linked with the seventh month (august-september), when the year has passed its zenith and autumnal decay is setting in. heaven and earth are out of communion and all things are benumbed. what is above has no relation to what is below, and on earth confusion and disorder prevail. the dark power is within, the light power is without. weakness is within, harshness without. within are the inferior, and without are the superior. the way of inferio"
13,Seeking Harmony,111101,time;crossing;line,"the image of the upper trigram ch'ien is heaven, and that of the lower, li, is flame. it is the nature of fire to flame up to the heaven. this gives the idea of fellowship. it is the second line that, by virtue of its central character, unites the five strong lines around it. this hexagram forms a complement to shih, the army  7. in the latter, danger is within and obedience without--the character of a warlike army, which, in order to hold together, needs one strong man among the many who are weak. here, clarity is within and strength without--the character of a peaceful union of men, which, in order to hold together, needs one yielding nature among many firm persons. true fellowship among m"
14,Great Harvest,101111,time;line,"the fire in heaven above shines far, and all things stand out in the light and become manifest. the weak fifth line occupies the place of honor and all the strong lines are in accord with it.all things come to the man who is modest and kind in a high position. the two trigrams indicate that strength and clarity unite. possessions great measure is determined by fate and accords with the time. how is it possible that the weak line has power to hold the strong lines fast and to possess them? it is done by virtue of unselfish modesty. the time is favorable--a time of strength within, clarity and culture without. power is expressing itself in graceful and controlled way. this brings supreme succe"
15,Humbleness,000100,time;line,"this hexagram is made up of the trigrams kên, keeping still, mountain, and k'un. the mountain is the youngest son of the creative, the representative of heaven and earth. it dispenses the blessings of heaven, the clouds and rain that gather round its summit, and thereafter shines forth radiant with heavenly light. this shows what modesty is and how it functions in great and strong men. k'un, the earth, stands above. lowliness is a quality of the earth: this is the very reason why it appears in this hexagram as exalted, by being placed above the mountain. this shows how modesty functions in lowly, simple people: they are lifted up by it. it is the law of heaven to make fullness empty and to m"
16,Delight,001000,completion;time;line,"the strong line in the fourth place, that of the leading official, meets with response and obedience from all the other lines, which are all weak. the attribute of the upper trigram, chên, is movement; the attributes of k'un, the lower, are obedience and devotion. this begins a movement that meets with devotion and therefore inspires enthusiasm, carrying all with it. of great importance, furthermore, is the law of movement along the line of least resistance, which in this hexagram is enunciated as the law for natural events and for human life. the time of enthusiasm derives from the fact that there is at hand an eminent man who is in sympathy with the spirit of the people and acts in accord "
17,Following,011001,time,"the trigram tui, the joyous, whose attribute is gladness, is above; chên, the arousing, which has the attribute of movement, is below. joy in movement induces following. the joyous is the youngest daughter, while the arousing is the eldest son. an older man defers to a young girl and shows her consideration. by this he moves her to follow him. in order to obtain a following one must first know how to adapt oneself. if a man would rule he must first learn to serve, for only in this way does he secure from those below him the joyous assent that is necessary if they are to follow him. if he has to obtain a following by force or cunning, by conspiracy or by creating faction, he invariably arouse"
18,Remedying,100110,time;crossing;line,"the chinese character ku represents a bowl in whose contents worms are breeding. this means decay. it is come about because the gentle indifference in the lower trigram has come together with the rigid inertia of the upper, and the result is stagnation. since this implies guilt, the conditions embody a demand for removal of the cause. hence the meaning of the hexagram is not simply ""what has been spoiled"" but ""work on what has been spoiled"". what has been spoiled through man's fault can be made good again through man's work. it is not immutable fate, as in the time of standstill, that has caused the state of corruption, but rather the abuse of human freedom. work toward improving conditions "
19,Approaching,000011,time;change;line,"the chinese word lin has a range of meanings that is not exhausted by any single word of another language. the ancient explanations in the book of changes give as its first meaning, ""becoming great."" what becomes great are the two strong lines growing into the hexagram from below; the light-giving power expands with them. the meaning is then further extended to include the concept of approach, especially the approach of what is lower. finally the meaning includes the attitude of condescension of a man in high position toward the people, and in general the setting to work on affairs. this hexagram is linked with the twelfth month (january-february), when after the winter solstice, the light p"
20,Watching,110000,time;change,"a slight variation of tonal stress gives the chinese name for this hexagram a double meaning. it means both contemplating and being seen, in the sense of being an example. these ideas are suggested by the fact that the hexagram can be understood as picturing a type of tower characteristic of ancient china.  a tower of this kind commanded a wide view of the country; at the same time, when situated on a mountain, it became a landmark that could be seen for miles around. thus the hexagram shows a ruler who contemplates the law of heaven above him and the ways of the people below, and who, by means of good government, sets a lofty example to the masses. this hexagram is linked with the eight mon"
21,Eradicating,101001,line,"this hexagram represents an open mouth (cf. hexagram  27 with an obstruction (in the fourth place) between the teeth. as a result the lips cannot meet. to bring them together one must bite energetically through the obstacle. since the hexagram is made up of the trigrams for thunder and for lightning, it indicates how obstacles are forcibly removed in nature. energetic biting through overcomes the obstacle that prevents joining of the lips; the storm with its thunder and lightning overcomes the disturbing tension in nature. recourse to law and penalties overcomes the disturbances of harmonious social life caused by criminals and slanderers. the theme of this hexagram is a criminal lawsuit, in"
22,Adorning,100101,time;change;line,"this hexagram shows a fire that breaks out of the secret depths of the earth and, blazing up, illuminates and beautifies the mountain, the heavenly heights. grace-beauty of form-is necessary in any union if it is to be well ordered and pleasing rather than disordered and chaotic. grace brings success. however, it is not the essential or fundamental thing; it is only the ornament and therefore be used sparingly and only in little things. in the lower trigram of fire a yielding line comes between two strong lines and makes them beautiful, but the strong lines are the essential content and the weak line is the beautifying form. in the upper trigram of the mountain, the strong line takes the lea"
23,Falling Away,100000,time;line,"the dark lines are about to mount upward and overthrow the last firm, light line by exerting a disintegrating influence on it. the inferior, dark forces overcome what is superior and strong, not by direct means, but by undermining it gradually and imperceptibly, so that it finally collapses. the lines of the hexagram present the image of a house, the top line being the roof, and because the roof is being shattered the house collapses. the hexagram belongs to the ninth month (october-november). the yin power pushes up ever more powerfully and is about to supplant the yang power altogether. this pictures a time when inferior people are pushing forward and are about to crowd out the few remaini"
24,Turning Back,000001,six stages;time;line,"the idea of a turning point arises from the fact that after the dark lines have pushed all of the light lines upward and out of the hexagram, another light line enters the hexagram from below. the time of darkness is past. the winter solstice brings the victory of light. this hexagram is linked with the eleventh month, the month of the solstice (december-january). after a time of decay comes the turning point. the powerful light that has been banished returns. there is movement, but it is not brought about by force. the upper trigram k'un is characterized by devotion; thus the movement is natural, arising spontaneously. for this reason the transformation of the old becomes easy. the old is d"
25,Without Falsehood,111001,time;line,"ch'ien, heaven is above; chên, movement, is below. the lower trigram chên is under the influence of the strong line it has received form above, from heaven. when, in accord with this, movement follows the law of heaven, man is innocent and without guile. his mind is natural and true, unshadowed by reflection or ulterior designs. for wherever conscious purpose is to be seen, there the truth and innocence of nature have been lost. nature that is not directed by the spirit is not true but degenerate nature. starting out with the idea of the natural, the train of thought in part goes somewhat further and thus the hexagram includes also the idea of the fundamental or unexpected. man has received "
26,Great Accumulation,100111,time;crossing;line,"the creative is tamed by kên, keeping still. this produces great power, a situation in contrast to that of the ninth hexagram, hsiao ch'u, the taming power of the small, in which the creative is tamed by the gentle alone. there one weak line must tame five strong lines, but here four strong lines are restrained by two weak lines; in addition to a minister, there is a prince, and the restraining power therefore is afar stronger. the hexagram has a threefold meaning, expressing different aspects of the concept ""holding firm."" heaven within the mountain gives the idea of holding firm in the sense of holding together; the trigram kên which holds the trigram ch'ien still, gives the idea of holdin"
27,Nourishing,100001,line,"this hexagram is a picture of an open mouth; above and below are firm lines of the lips, and between them the opening. starting with the mouth, through which we take food for nourishment, the thought leads to nourishment itself. nourishment of oneself, specifically of the body, is represented in the three lower lines, while the three upper lines represent nourishment and care of others, in a higher, spiritual sense. if we wish to know whether anyone is superior or not, we need only observe what part of his being he regards as especially important. the body has superior and inferior, important and unimportant parts. we must not injure important parts for the sake of the unimportant, nor must "
28,Great Exceeding,011110,transition;time;change;line,"this hexagram consists of four strong lines inside and two weak lines outside. when the strong are outside and the weak inside, all is well and there is nothing out of balance, nothing extraordinary in the situation. here, however, the opposite is the case. the hexagram represents a beam that is thick and heavy in the middle but too weak at the ends. this is a condition that cannot last; it must be changed, must pass, or misfortune will result. the weight of the great is excessive. the load is too heavy for the strength of the supports. the ridgepole on which the whole roof rests, sags to the breaking point, because its supporting ends are too weak for the load they bear. it is an exceptiona"
29,Darkness,010010,line,"this hexagram consists of a doubling of the trigram k'an. it is one of the eight hexagrams in which doubling occurs. the trigram k'an means a plunging in. a yang line has plunged in between two yin lines and is closed in by them like water in a ravine. the trigram k'an is also the middle son. the receptive has obtained the middle line of the creative, and thus k'an develops. as an image it represents water, the water that comes from above and is in motion on earth in streams and rivers, giving rise to all life on earth. in man's world k'an represents the heart, the soul locked up within the body, the principle of light inclosed in the dark--that is, reason. the name of the hexagram, because "
30,Brightness,101101,time;line,"this hexagram is another double sign. the trigram li means ""to cling to something,"" and also ""brightness."" a dark line clings to two light lines, one above and one below--the image of an empty space between two strong lines, whereby the two strong lines are made bright. the trigram represents the middle daughter. the creative has incorporated the central line of the receptive, and thus li develops. as an image, it is fire. fire has no definite form but clings to the burning object and thus is bright. as water pours down from heaven, so fire flames up from the earth. while k'an means the soul shut within the body, li stands for nature in its radiance. what is dark clings to what is light and "
31,Mutual Influence,011100,line,"the name of the hexagram means ""universal,"" ""general,"" and in a figurative sense ""to influence,"" ""to stimulate."" the upper trigram is tui, the joyous; the lower is kên, keeping still. by its persistent, quiet influence, the lower, rigid trigram stimulates the upper, weak trigram, which responds to this stimulation cheerfully and joyously. kên, the lower trigram, is the youngest son; the upper, tui, is the youngest daughter. thus the universal mutual attraction between the sexes is represented. in courtship, the masculine principle must seize the initiative and place itself below the feminine principle. just as the first part of book 1 begins with the hexagrams of heaven and earth, the founda"
32,Long Lasting,001110,time;change,"the strong trigram chên is above, the weak trigram sun below. this hexagram is the inverse of the preceding one. in the latter we have influence, here we have union as an enduring condition. the two images are thunder and wind, which are likewise constantly paired phenomena. the lower trigram indicates gentleness within; the upper, movement without. in the sphere of social relationships, the hexagram represents the institution of marriage as the enduring union of the sexes. during courtship the young man subordinates himself to the girl, but in marriage, which is represented by the coming together of the eldest son and the eldest daughter, the husband is the directing and moving force outsid"
33,Retreat,111100,time,"the power of the dark is ascending. the light retreats to security, so that the dark cannot encroach upon it. this retreat is a matter not of man's will but of natural law. therefore in this case withdrawal is proper; it is the correct way to behave in order not to exhaust one's forces. in the calendar this hexagram is linked with the sixth month (july-august), in which the forces of winter are already showing their influence. conditions are such that the hostile forces favored by the time are advancing. in this case retreat is the right course, and it is not to be confused with flight. flight means saving oneself under any circumstances, whereas retreat is a sign of strength. we must be car"
34,Great Strength,001111,time;line,"the great lines, that is, the light, strong lines, are powerful. four light lines have entered the hexagram from below and are about to ascend higher. the upper trigram is chên, the arousing; the lower is ch'ien, the creative. ch'ien is strong, chên produces movement. the union of movement and strength gives the meaning of the power of the great. the hexagram is linked with the second month (march-april). the hexagram points to a time when inner worth mounts with great force and comes to power. but its strength has already passed beyond the median line, hence there is danger that one may rely entirely on one's own power and forget to ask what is right. there is danger too that, being intent "
35,Proceeding Forward,101000,time,"the hexagram represents the sun rising over the earth. it is therefore the symbol of rapid, easy progress, which at the same time means ever widening expansion and clarity. a twofold idea is set forth here. the actual effect of the progress emanates from a man who is in a dependent position and whom the others regard as their equal and are therefore willing to follow. this leader has enough clarity of vision not to abuse his great influence but to use it rather for the benefit of his ruler. his ruler in turn is free of all jealousy, showers presents on the great man, and invites him continually to his court. an enlightened ruler and an obedient servant--this is the condition on which great p"
36,Brilliance Injured,000101,time;line,"here the sun has sunk under the earth and is therefore darkened. the name of the hexagram means literally ""wounding of the bright""; hence the individual lines contain frequent references to wounding. the situation is the exact opposite of that in the foregoing hexagram. in the latter a wise man at the head of affairs has able helpers, and in company with them makes progress; here a man of dark nature is in a position of authority and brings harm to the wise and able man. one must not unresistingly let himself be swept along by unfavorable circumstances, nor permit his steadfastness to be shaken. he can avoid this by maintaining his inner light, while remaining outwardly yielding and tractabl"
37,Household,110101,line,"the hexagram represents the laws obtaining within the family. the strong line at the top represents the father, the lowest the son. the strong line in the fifth place represents the husband, the yielding second line the wife. on the other hand, the two strong lines in the fifth and the third place represent two brothers, and the two weak lines correlated with them in the fourth and the second place stand for their respective wives. thus all the connections and relationships within the family find their appropriate expression. each individual line has the character according with its place. the fact that a strong line occupies the sixth place-where a weak line might be expected-indicates very"
39,Hardship,010100,time,"the hexagram pictures a dangerous abyss lying before us and a steep, inaccessible mountain rising behind us. we are surrounded by obstacles; at the same time, since the mountain has the attribute of keeping still, there is implicit a hint as to how we can extricate ourselves. the hexagram represents obstructions that appear in the course of time but that can and should be overcome. therefore all the instruction given is directed to overcoming them. the southwest is the region of retreat, the northeast that of advance. here an individual is confronted by obstacles that cannot be overcome directly. in such a situation it is wise to pause in view of the danger and to retreat. however, this is m"
40,Relief,001010,not yet;time;change,"here the movement goes out of the sphere of danger. the obstacle has been removed, the difficulties are being resolved. deliverance is not yet achieved; it is just in its beginning, and the hexagram represents its various stages. this refers to a time in which tensions and complications begin to be eased. at such times we ought to make our way back to ordinary conditions as soon as possible; this is the meaning of ""the southwest."" these periods of sudden change have great importance. just as rain relieves atmospheric tension, making all the buds burst open, so a time of deliverance from burdensome pressure has a liberating and stimulating effect on life. one thing is important, however: in s"
41,Decreasing,100011,time;line,"this hexagram represents a decrease of the lower trigram in favor of the upper, because the third line, originally strong, has moved up to the top, and the top line, originally weak, has replaced it. what is below is decreased to the benefit of what is above. this is out-and-out decrease. if the foundations of a building are decreased in strength and the upper walls are strengthened, the whole structure loves its stability. likewise, a decrease in the prosperity of the people in favor of the government is out-and-out decrease. and the entire theme of the hexagram is directed to showing how this shift of wealth can take place without causing the sources of wealth can take place without causin"
42,Increasing,110001,time;change;line,"the idea of increase is expressed in the fact that the strong lowest line of the upper trigram has sunk down and taken its place under the lower trigram. this conception also expresses the fundamental idea on which the book of changes is based. to rule truly is to serve. a sacrifice of the higher element that produces an increase of the lower is called an out-and-out increase: it indicates the spirit that alone has power to help the world. sacrifice on the part of those above for the increase of those below fills the people with a sense of joy and gratitude that is extremely valuable for the flowering of the commonwealth. when people are thus devoted to their leaders, undertakings are possib"
43,Eliminating,011111,time;change;line,"this hexagram signifies on the one hand a break-through after a long accumulation of tension, as a swollen river breaks through its dikes, or in the manner of a cloudburst. on the other hand, applied to human conditions, it refers to the time when inferior people gradually begin to disappear. their influence is on the wane; as a result of resolute action, a change in conditions occurs, a break-through. the hexagram is linked with the third month [april-may]. even if only one inferior man is occupying a ruling position in a city, he is able to oppress superior men. even a single passion still lurking in the heart has power to obscure reason. passion and reason cannot exist side by side-theref"
44,Encountering,111110,time,"this hexagram indicates a situation in which the principle of darkness, after having been eliminated, furtively and unexpectedly obtrudes again from within and below. of its own accord the female principle comes to meet the male. it is an unfavorable and dangerous situation, and we must understand and promptly prevent the possible consequences. the hexagram is linked with the fifth month [june-july], because at the summer solstice the principle of darkness gradually becomes ascendant again. the rise of the inferior element is pictured here in the image of a bold girl who lightly surrenders herself and thus seizes power. this would not be possible if the strong and light-giving element had no"
45,Bringing Together,011000,time;line,"this hexagram is related in form and meaning to pi, holding together  8. in the latter, water is over the earth; here a lake is over the earth. but since the lake is a place where water collects, the idea of gathering together is even more strongly expressed here than in the other hexagram. the same idea also arises from the fact that in the present case it is two strong lines (the fourth and the fifth) that bring about the gather together, whereas in the former case one strong line (the fifth) stands in the midst of weak lines. the gathering together of people in large communities is either a natural occurrence, as in the case of the family, or an artificial one, as in the case of the state"
46,Growing Upward,000110,time;line,"the lower trigram, sun, represents wood, and the upper, k'un, means the earth. linked with this is the idea that wood in the earth grows upward. in contrast to the meaning of chin, progress  35, this pushing upward is associated with effort, just as a plant needs energy for pushing upward through the earth. that is why this hexagram, although it is connected with success, is associated with effort of the will. in progress the emphasis is on expansion; pushing upward indicates rather a vertical ascent-direct rise from obscurity and lowliness to power and influence. the pushing upward of the good elements encounters no obstruction and is therefore accompanied by great success. the pushing upwa"
47,Exhausting,011010,time;line,"the lake is above, water below; the lake is empty, dried up. exhaustion is expressed in yet another way: at the top, a dark line is holding down two light line; below, a light line is hemmed in between two dark ones. the upper trigram belongs to the principle of darkness, the lower to the principle of light. thus everywhere superior men are oppressed and held in restraint by inferior men. times of adversity are the reverse of times of success, but they can lead to success if they; befall the right man. when a strong man meets with adversity, he remains cheerful despite all danger, and this cheerfulness is the source of later successes; it is that stability which is stronger than fate. he who"
48,Replenishing,010110,time;change,"wood is below, water above. the wood goes down into the earth to bring up water. the image derives from the pole-and-bucket well of ancient china. the wood represents not the buckets, which in ancient times were made of clay, but rather the wooden poles by which the water is hauled up from the well. the image also refers to the world of plants, which lift water out of the earth by means of their fibers. the well from which water is drawn conveys the further idea of an inexhaustible dispensing of nourishment. in ancient china the capital cities were sometimes moved, partly for the sake of more favorable location, partly because of a change in dynasties. the style of architecture changed in th"
49,Abolishing The Old,011101,time;change,"the chinese character for this hexagram means in its original sense an animal's pelt, which is changed in the course of the year by molting. from this word is carried over to apply to the ""moltings"" in political life, the great revolutions connected with changes of governments. the two trigrams making up the hexagram are the same two that appear in k'uei, opposition  38, that is, the two younger daughters, li and tui. but while there the elder of the two daughters is above, and what results is essentially only an opposition of tendencies, here the younger daughter is above. the influences are in actual conflict, and the forces combat each other like fire and water (lake), each trying to dest"
50,Establishing The New,101110,time;change;line,"the six lines construct the image of ting, the caldron; at the bottom are the legs, over them the belly, then come the ears (handles), and at the top the carrying rings. at the same time, the image suggests the idea of nourishment. the ting, cast of bronze, was the vessel that held the cooked viands in the temple of the ancestors and at banquets. the heads of the family served the food from the ting into the bowls of the guests. the well  48 likewise has the secondary meaning of giving nourishment, but rather more in relation to the people. the ting, as a utensil pertaining to a refined civilization, suggests the fostering and nourishing of able men, which redounded to the benefit of the sta"
51,Taking Action,001001,line,"the hexagram chên represents the eldest son, who seizes rule with energy and power. a yang line develops below two yin lines and presses upward forcibly. this movement is so violent that it arouses terror. it is symbolized by thunder, which bursts forth from the earth and by its shock causes fear and trembling. the shock that comes from the manifestation of god within the depths of the earth makes man afraid, but this fear of god is good, for joy and merriment can follow upon it. when a man has learned within his heart what fear and trembling mean, he is safeguarded against any terror produced by outside influences. let the thunder roll and spread terror a hundred miles around: he remains so"
52,Keeping Still,100100,time;change,"the image of this hexagram is the mountain, the youngest son of heaven and earth. the male principle is at the top because it strives upward by nature; the female principle is below, since the direction of its movement has come to its normal end. in its application to man, the hexagram turns upon the problem of achieving a quiet heart. it is very difficult to bring quiet to the heart. while buddhism strives for rest through an ebbing away of all movement in nirvana, the book of changes holds that rest is merely a state of polarity that always posits movement as its complement. possibly the words of the text embody directions for the practice of yoga. true quiet means keeping still when the t"
53,Developing Gradually,110100,time,"this hexagram is made up of sun (wood, penetration) above, i.e., without, and kên (mountain, stillness) below, i.e., within. a tree on a mountain develops slowly according to the law of its being and consequently stands firmly rooted. this gives the idea of a development that proceeds gradually, step by step. the attributes of the trigrams also point to this: within is tranquillity, which guards against precipitate actions, and without is penetration, which makes development and progress possible. the development of events that leads to a girl's following a man to his home proceeds slowly. the various formalities must be disposed of before the marriage takes place. this principle of gradual "
55,Abundance,001101,time;line,"chên is movement; li is flame, whose attribute is clarity. clarity within, movement without-this produces greatness and abundance. the hexagram pictures a period of advanced civilization. however, the fact that development has reached a peak suggests that this extraordinary condition of abundance cannot be maintained permanently. it is not given to every mortal to bring about a time of outstanding greatness and abundance. only a born ruler of men is able to do it, because his will is directed to what is great. such a time of abundance is usually brief. therefore a sage might well feel sad in view of the decline that must follow. but such sadness foes not befit him. only a man who is inwardly"
57,Proceeding Humbly,110110,time,"sun is one of the eight doubled trigrams. it is the eldest daughter and symbolizes wind or wood; it has for its attribute gentleness, which nonetheless penetrates like the wind or like growing wood with its roots. the dark principle, in itself rigid and immovable, is dissolved by the penetrating light principle, to which it subordinates itself in gentleness. in nature, it is the wind that disperses the gathered clouds, leaving the sky clear and serene. in human life it is penetrating clarity of judgment that thwarts all dark hidden motives. in the life of the community it is the powerful influence of a great personality that uncovers and breaks up those intrigues which shun the light of day."
58,Joyful,011011,time;line,"this hexagram, like sun, is one of the eight formed by doubling of a trigram. the trigram tui denotes the youngest daughter; it is symbolized by the smiling lake, and its attribute is joyousness. contrary to appearances, it is not the yielding quality of the top line that accounts for joy here. the attribute of the yielding or dark principle is not joy but melancholy. however, joy is indicated by the fact that there are two strong lines within, expressing themselves through the medium of gentleness. true joy, therefore, rests on firmness and strength within, manifesting itself outwardly as yielding and gentle. the joyous mood is infectious and therefore brings success. but joy must be based "
59,Dispersing,110010,crossing,"wind blowing over water disperses it, dissolving it into foam and mist. this suggests that when a man's vital energy is dammed up within him (indicated as a danger by the attribute of the lower trigram), gentleness serves to break up and dissolve the blockage. 45. in the latter, the subject is the bringing together of elements that have been separated, as water collects in lakes upon the earth. here the subject is the dispersing and dissolving of divisive egotism. dispersion shows the way, so to speak, that leads to gathering together. this explains the similarity of the two texts. religious forces are needed to overcome the egotism that divides men. the common celebration of the great sacri"
60,Restricting,010011,time,"a lake occupies a limited space. when more water comes into it, it overflows. therefore limits must be set for the water. the image shows water below and water above, with the firmament between them as a limit. the chinese word for limitation really denotes the joints that divide a bamboo stalk. in relation to ordinary life it means the thrift that sets fixed limits upon expenditures. in relation to the moral sphere it means the fixed limits that the superior man sets upon his actions-the limits of loyalty and disinterestedness. limitations are troublesome, but they are effective. if we live economically in normal times, we are prepared for times of want. to be sparing saves us from humiliat"
61,Innermost Sincerity,110011,change;crossing;line,"the wind blows over the lake and stirs the surface of the water. thus visible effects of the invisible manifest themselves. the hexagram consists of firm lines above and below, while it is open in the center. this indicates a heart free of prejudices and therefore open to truth. on the other hand, each of the two trigrams has a firm line in the middle; this indicates the force of inner truth in the influences they present. the attributes of the two trigrams are: above, gentleness, forbearance toward inferiors; below, joyousness in obeying superiors. such conditions create the basis of a mutual confidence that makes achievements possible. the character of fu (""truth"") is actually the picture "
62,Little Exceeding,001100,line,"while in the hexagram ta kuo, preponderance of the great  28, the strong lines preponderate and are within, inclosed between weak lines at the top and bottom, the present hexagram has weak lines preponderating, though here again they are on the outside, the strong lines being within. this indeed is the basis of the exceptional situation indicated by the hexagram. when strong lines are outside, we have the hexagram i, providing nourishment  27, or chung fu, inner truth,  61; neither represents and exceptional state. when strong elements within preponderate, they necessarily enforce their will. this creates struggle and exceptional conditions in general. but in the present hexagram it is the w"
63,Already Fulfilled,010101,transition;time;line,"this hexagram is the evolution of t'ai peace  11. the transition from confusion to order is completed, and everything is in its proper place even in particulars. the strong lines are in the strong places, the weak lines in the weak places. this is a very favorable outlook, yet it gives reason for thought. for it is just when perfect equilibrium has been reached that any movement may cause order to revert to disorder. the one strong line that has moved to the top, thus effecting complete order in details, is followed by the other lines. each moving according to its nature, and thus suddenly there arises again the hexagram p'i, standstill  12. hence the present hexagram indicates the condition"
64,Not Yet Fulfilled,101010,transition;completion;not yet;time;change;line,"this hexagram indicates a time when the transition from disorder to order is not yet completed. the change is indeed prepared for, since all the lines in the upper trigram are in relation to those in the lower. however, they are not yet in their places. while the preceding hexagram offers an analogy to autumn, which forms the transition from summer to winter, this hexagram presents a parallel to spring, which leads out of winter's stagnation into the fruitful time of summer. with this hopeful outlook the book of changes come to its close. the conditions are difficult. the task is great and full of responsibility. it is nothing less than that of leading the world out of confusion back to orde"
