case,transform,base_key_sha256,transformed_key_sha256,pass
axis_BQ_latch,axis reversal permutation,b3429a5d94654182f40a,b3429a5d94654182f40a,True
axis_QB_latch,axis reversal permutation,b3429a5d94654182f40a,b3429a5d94654182f40a,True
birth_then_cross_overlap_A,axis reversal permutation,41eb8373c790593c9583,41eb8373c790593c9583,True
birth_then_cross_overlap_B,axis reversal permutation,41eb8373c790593c9583,41eb8373c790593c9583,True
contact_two_latches,axis reversal permutation,488766341e82a6eead5a,488766341e82a6eead5a,True
edge_birth_causality,axis reversal permutation,d0be0df521c404582989,d0be0df521c404582989,True
overlap_after_phase_shift,axis reversal permutation,41eb8373c790593c9583,41eb8373c790593c9583,True
readout_terminal,axis reversal permutation,b3429a5d94654182f40a,b3429a5d94654182f40a,True
three_axis_alt_chain,axis reversal permutation,210bda5d6a847b95a34a,210bda5d6a847b95a34a,True
three_axis_chain,axis reversal permutation,210bda5d6a847b95a34a,210bda5d6a847b95a34a,True
